{"cameraMode":{"drawMode":0,"name":"Shaded","section":"Shading Mode"},"sceneLighting":true,"audioPlay":false,"sceneViewState":{"showFog":true,"showMaterialUpdate":false,"showSkybox":true,"showFlares":true,"showImageEffects":true,"showParticleSystems":true},"in2DMode":false,"pivot":{"x":45.06998825073242,"y":44.29854965209961,"z":67.491455078125},"rotation":{"x":-0.18519771099090577,"y":0.6578407287597656,"z":-0.17170022428035737,"w":-0.709554135799408},"size":1438.941650390625,"orthographic":false}